ID,Up/Co,Sex,Friend,Source,Country,Age,Occupation,Marriage,Post_Type,Time
N-181,Up,F,N,Alumni,China,30,Lawyer,S,Opinion,8/11/2020
N-1,Both,F,A,Alumni,USA,32,Reseacher,S,Life,2/28/2021
N-57,Up,M,A,Alumni,China,30,NA,S,Life,6/9/2020
N-57,Up,M,A,Alumni,China,30,NA,S,Life,12/1/2020
N-90,Up,F,A,Family,China,60,NA,M,Life,5/10/2020
N-90,Up,F,A,Family,China,60,NA,M,Life,10/31/2020
N-156,Up,F,N,Church,USA,25,Student,S,Life,12/7/2019
N-156,Up,F,N,Church,USA,25,Student,S,Life,7/16/2021
N-156,Up,F,N,Church,USA,25,Student,S,Life,7/1/2021
N-156,Up,F,N,Church,USA,25,Student,S,Life,5/10/2020
N-109,Up,M,Y,Family,China,60,Engineer,M,Life,7/1/2021
N-109,Both,M,Y,Family,China,60,Engineer,M,Life,5/10/2020
N-109,Up,M,Y,Family,China,60,Engineer,M,Church,10/12/2020
N-109,Up,M,Y,Family,China,60,Engineer,M,Life,10/31/2020
N-109,Up,M,Y,Family,China,60,Engineer,M,Church,2/27/2020
N-109,Up,M,Y,Family,China,60,Engineer,M,Opinion,7/20/2020
N-109,Up,M,Y,Family,China,60,Engineer,M,Life,12/7/2019
N-109,Co,M,Y,Family,China,60,Engineer,M,Work,10/26/2020
N-69,Up,M,A,Church,China,35,Doctor,M,Work,10/26/2020
N-69,Up,M,A,Church,China,35,Doctor,M,Opinion,8/11/2020
N-69,Both,M,A,Church,China,35,Doctor,M,Life,5/10/2020
N-69,Up,M,A,Church,China,35,Doctor,M,Life,7/16/2021
N-69,Up,M,A,Church,China,35,Doctor,M,Life,10/31/2020
N-69,Co,M,A,Church,China,35,Doctor,M,Life,6/9/2020
N-69,Up,M,A,Church,China,35,Doctor,M,Church,10/12/2020
N-69,Up,M,A,Church,China,35,Doctor,M,Life,10/26/2019
N-221,Up,M,A,Alumni,China,35,Engineer,M,Life,10/26/2019
N-241,Up,M,N,Other,USA,30,Student,S,Life,7/1/2021
N-153,Co,M,A,Alumni,USA,35,Reseacher,M,Life,6/9/2020
N-229,Up,M,A,Alumni,USA,35,Reseacher,S,Life,10/26/2019
N-107,Up,M,A,Church,China,40,Manager,M,Life,10/31/2020
N-20,Up,F,A,Church,USA,32,Engineer,S,Life,5/10/2020
N-20,Co,F,A,Church,USA,32,Engineer,S,Life,2/28/2021
N-20,Co,F,A,Church,USA,32,Engineer,S,Life,12/7/2019
N-20,Co,F,A,Church,USA,32,Engineer,S,Life,7/1/2021
N-20,Co,F,A,Church,USA,32,Engineer,S,Life,7/16/2021
N-175,Up,F,N,Church,NA,28,Finance,S,Church,4/25/2020
N-204,Up,M,N,Other,China,30,Engineer,NA,Life,12/7/2019
N-145,Up,M,A,Alumni,USA,33,Engineer,M,Life,10/26/2019
N-145,Up,M,A,Alumni,USA,33,Engineer,M,Life,6/9/2020
N-145,Up,M,A,Alumni,USA,33,Engineer,M,Life,7/1/2021
N-147,Up,M,A,Alumni,China,25,Musician,S,Life,6/9/2020
N-177,Up,M,N,Church,USA,28,Engineer,S,Church,4/25/2020
N-177,Up,M,N,Church,USA,28,Engineer,S,Life,7/21/2021
N-77,Co,M,A,Alumni,USA,25,Student,S,Opinion,7/3/2020
N-77,Both,M,A,Alumni,USA,25,Student,S,Life,6/9/2020
N-77,Up,M,A,Alumni,USA,25,Student,S,Work,10/26/2020
N-77,Up,M,A,Alumni,USA,25,Student,S,Life,10/31/2020
N-31,Both,M,A,Church,USA,32,Reseacher,S,Work,10/26/2020
N-31,Both,M,A,Church,USA,32,Reseacher,S,Life,7/1/2021
N-31,Up,M,A,Church,USA,32,Reseacher,S,Church,2/27/2020
N-31,Up,M,A,Church,USA,32,Reseacher,S,Life,10/31/2020
N-31,Both,M,A,Church,USA,32,Reseacher,S,Life,6/9/2020
N-31,Up,M,A,Church,USA,32,Reseacher,S,Life,5/10/2020
N-31,Up,M,A,Church,USA,32,Reseacher,S,Life,12/7/2019
N-31,Up,M,A,Church,USA,32,Reseacher,S,Church,4/25/2020
N-31,Both,M,A,Church,USA,32,Reseacher,S,Life,7/16/2021
N-31,Co,M,A,Church,USA,32,Reseacher,S,Opinion,3/16/2020
N-31,Up,M,A,Church,USA,32,Reseacher,S,Life,10/26/2019
N-31,Co,M,A,Church,USA,32,Reseacher,S,Opinion,7/3/2020
N-31,Co,M,A,Church,USA,32,Reseacher,S,Opinion,7/20/2020
N-31,Up,M,A,Church,USA,32,Reseacher,S,Life,12/1/2020
N-166,Up,M,N,Alumni,China,35,Professor,M,Life,5/10/2020
N-50,Up,M,A,Alumni,USA,35,Engineer,M,Life,12/7/2019
N-50,Up,M,A,Alumni,USA,35,Engineer,M,Life,7/16/2021
N-50,Up,M,A,Alumni,USA,35,Engineer,M,Life,10/26/2019
N-50,Up,M,A,Alumni,USA,35,Engineer,M,Life,7/1/2021
N-50,Up,M,A,Alumni,USA,35,Engineer,M,Life,12/1/2020
N-165,Up,M,N,Church,China,30,NA,M,Life,5/10/2020
N-173,Up,F,A,Church,USA,50,Manager,M,Church,4/25/2020
N-108,Up,M,N,Church,USA,60,NA,M,Life,10/31/2020
N-172,Up,M,Y,Alumni,China,32,Manager,M,Life,12/7/2019
N-172,Up,M,Y,Alumni,China,32,Manager,M,Life,5/10/2020
N-114,Up,M,N,Other,China,NA,Professor,M,Work,10/26/2020
N-114,Co,M,N,Other,China,NA,Professor,M,Church,10/12/2020
N-114,Up,M,N,Other,China,NA,Professor,M,Life,7/1/2021
N-114,Up,M,N,Other,China,NA,Professor,M,Opinion,3/16/2020
N-212,Up,M,A,Alumni,USA,33,Professor,M,Life,12/7/2019
N-237,Up,M,A,Alumni,USA,33,Reseacher,S,Life,7/1/2021
N-7,Up,M,Y,Friend,USA,30,Reseacher,S,Opinion,8/11/2020
N-7,Up,M,Y,Friend,USA,30,Reseacher,S,Life,7/1/2021
N-7,Co,M,Y,Friend,USA,30,Reseacher,S,Church,10/12/2020
N-7,Up,M,Y,Friend,USA,30,Reseacher,S,Life,12/7/2019
N-7,Up,M,Y,Friend,USA,30,Reseacher,S,Life,10/26/2019
N-7,Up,M,Y,Friend,USA,30,Reseacher,S,Life,2/28/2021
N-7,Up,M,Y,Friend,USA,30,Reseacher,S,Life,7/21/2021
N-7,Up,M,Y,Friend,USA,30,Reseacher,S,Life,12/1/2020
N-7,Up,M,Y,Friend,USA,30,Reseacher,S,Life,5/10/2020
N-7,Co,M,Y,Friend,USA,30,Reseacher,S,Life,10/31/2020
N-7,Up,M,Y,Friend,USA,30,Reseacher,S,Life,6/9/2020
N-191,Co,F,N,Other,China,40,Doctor,M,Life,3/6/2020
N-161,Up,M,N,Alumni,USA,40,Reseacher,S,Life,5/10/2020
N-220,Up,M,A,Church,USA,40,NA,M,Opinion,11/24/2019
N-110,Co,F,A,Alumni,China,33,NA,M,Life,3/6/2020
N-110,Co,F,A,Alumni,China,33,NA,M,Life,10/31/2020
N-110,Co,F,A,Alumni,China,33,NA,M,Life,10/26/2019
N-227,Up,M,N,Alumni,USA,33,NA,NA,Life,10/26/2019
N-155,Up,M,A,Alumni,China,28,NA,S,Life,5/10/2020
N-155,Co,M,A,Alumni,China,28,NA,S,Life,6/9/2020
N-208,Up,F,Y,Family,China,40,Professor,M,Life,12/7/2019
N-208,Up,F,Y,Family,China,40,Professor,M,Life,7/21/2021
N-11,Up,M,A,Church,USA,25,Finance,R,Life,7/1/2021
N-11,Up,M,A,Church,USA,25,Finance,R,Life,2/28/2021
N-233,Up,M,N,Alumni,USA,35,Reseacher,NA,Life,7/1/2021
N-94,Up,M,A,Alumni,China,33,NA,M,Life,10/26/2019
N-94,Up,M,A,Alumni,China,33,NA,M,Life,10/31/2020
N-94,Up,M,A,Alumni,China,33,NA,M,Life,6/9/2020
N-94,Up,M,A,Alumni,China,33,NA,M,Life,7/1/2021
N-94,Up,M,A,Alumni,China,33,NA,M,Life,12/7/2019
N-202,Up,M,N,Alumni,USA,30,NA,NA,Life,12/7/2019
N-200,Up,M,A,Alumni,China,35,Engineer,NA,Life,12/7/2019
N-27,Both,F,A,Church,USA,32,Finance,M,Church,10/12/2020
N-27,Up,F,A,Church,USA,32,Finance,M,Life,12/7/2019
N-27,Up,F,A,Church,USA,32,Finance,M,Life,10/26/2019
N-27,Co,F,A,Church,USA,32,Finance,M,Life,10/31/2020
N-27,Up,F,A,Church,USA,32,Finance,M,Life,7/1/2021
N-27,Up,F,A,Church,USA,32,Finance,M,Life,12/1/2020
N-27,Up,F,A,Church,USA,32,Finance,M,Opinion,8/11/2020
N-27,Up,F,A,Church,USA,32,Finance,M,Church,4/25/2020
N-27,Both,F,A,Church,USA,32,Finance,M,Life,6/9/2020
N-27,Up,F,A,Church,USA,32,Finance,M,Life,5/10/2020
N-193,Up,M,A,Other,China,60,NA,M,Church,2/27/2020
N-6,Up,M,Y,Church,USA,60,Engineer,M,Life,10/31/2020
N-6,Up,M,Y,Church,USA,60,Engineer,M,Life,12/7/2019
N-6,Up,M,Y,Church,USA,60,Engineer,M,Life,2/28/2021
N-6,Up,M,Y,Church,USA,60,Engineer,M,Life,12/1/2020
N-6,Up,M,Y,Church,USA,60,Engineer,M,Life,5/10/2020
N-6,Up,M,Y,Church,USA,60,Engineer,M,Life,7/21/2021
N-6,Up,M,Y,Church,USA,60,Engineer,M,Life,7/16/2021
N-6,Up,M,Y,Church,USA,60,Engineer,M,Life,7/1/2021
N-89,Up,M,A,Church,China,35,NA,M,Life,5/10/2020
N-89,Both,M,A,Church,China,35,NA,M,Life,10/31/2020
N-89,Up,M,A,Church,China,35,NA,M,Life,7/16/2021
N-171,Up,M,A,Alumni,USA,32,Engineer,S,Life,5/10/2020
N-188,Up,M,N,Church,China,40,Manager,M,Life,7/16/2021
N-188,Co,M,N,Church,China,40,Manager,M,Opinion,3/16/2020
N-36,Up,F,A,Alumni,USA,35,Engineer,M,Life,10/31/2020
N-36,Up,F,A,Alumni,USA,35,Engineer,M,Life,7/16/2021
N-36,Up,F,A,Alumni,USA,35,Engineer,M,Life,12/7/2019
N-36,Co,F,A,Alumni,USA,35,Engineer,M,Life,10/26/2019
N-36,Up,F,A,Alumni,USA,35,Engineer,M,Life,12/1/2020
N-36,Up,F,A,Alumni,USA,35,Engineer,M,Life,7/21/2021
N-234,Up,M,A,Church,China,25,Musician,NA,Life,7/16/2021
N-234,Up,M,A,Church,China,25,Musician,NA,Life,7/1/2021
N-225,Up,F,N,Alumni,USA,30,Student,NA,Life,10/26/2019
N-245,Up,M,A,Church,USA,23,Accountant,R,Life,7/16/2021
N-192,Up,M,A,Church,China,35,Servant,M,Church,2/27/2020
N-196,Up,F,N,Church,USA,40,NA,NA,Life,7/16/2021
N-196,Up,F,N,Church,USA,40,NA,NA,Church,2/27/2020
N-43,Up,M,N,Church,China,40,NA,M,Life,12/1/2020
N-45,Up,F,A,Church,China,60,Self-employ,M,Church,10/12/2020
N-45,Up,F,A,Church,China,60,Self-employ,M,Life,12/1/2020
N-45,Up,F,A,Church,China,60,Self-employ,M,Life,10/31/2020
N-45,Up,F,A,Church,China,60,Self-employ,M,Life,12/7/2019
N-39,Up,M,A,Church,USA,40,Doctor,M,Life,12/1/2020
N-39,Up,M,A,Church,USA,40,Doctor,M,Life,10/31/2020
N-217,Up,F,A,Church,China,33,Professor,S,Life,12/7/2019
N-148,Up,M,N,Church,China,30,NA,M,Life,6/9/2020
N-144,Up,M,A,Alumni,China,28,Engineer,S,Life,6/9/2020
N-158,Up,F,A,Church,USA,30,Doctor,M,Life,5/10/2020
N-88,Up,M,A,Alumni,China,33,Professor,M,Life,7/1/2021
N-88,Up,M,A,Alumni,China,33,Professor,M,Work,10/26/2020
N-88,Up,M,A,Alumni,China,33,Professor,M,Life,10/31/2020
N-231,Up,M,A,Other,China,27,Programmer,S,Life,7/1/2021
N-139,Up,M,A,Other,China,32,Finance,S,Life,7/16/2021
N-139,Up,M,A,Other,China,32,Finance,S,Church,7/12/2020
N-139,Up,M,A,Other,China,32,Finance,S,Church,7/12/2020
N-71,Both,F,N,Church,USA,55,Data Scientist,M,Life,10/31/2020
N-71,Up,F,N,Church,USA,55,Data Scientist,M,Life,5/10/2020
N-71,Up,F,N,Church,USA,55,Data Scientist,M,Life,7/16/2021
N-143,Up,M,N,Alumni,China,30,Finance,R,Life,6/9/2020
N-222,Up,F,N,Alumni,China,35,Professor,S,Life,10/26/2019
N-116,Up,F,A,Alumni,China,28,NA,S,Work,10/26/2020
N-116,Up,F,A,Alumni,China,28,NA,S,Life,10/26/2019
N-115,Co,F,A,Alumni,China,33,Accountant,M,Life,10/26/2019
N-115,Up,F,A,Alumni,China,33,Accountant,M,Work,10/26/2020
N-115,Up,F,A,Alumni,China,33,Accountant,M,Church,4/25/2020
N-9,Up,M,Y,Friend,USA,30,Student,R,Life,5/10/2020
N-9,Up,M,Y,Friend,USA,30,Student,R,Life,7/16/2021
N-9,Up,M,Y,Friend,USA,30,Student,R,Life,6/9/2020
N-9,Up,M,Y,Friend,USA,30,Student,R,Life,10/31/2020
N-9,Up,M,Y,Friend,USA,30,Student,R,Church,7/12/2020
N-9,Up,M,Y,Friend,USA,30,Student,R,Life,7/1/2021
N-9,Up,M,Y,Friend,USA,30,Student,R,Life,2/28/2021
N-9,Up,M,Y,Friend,USA,30,Student,R,Life,12/7/2019
N-9,Up,M,Y,Friend,USA,30,Student,R,Church,2/27/2020
N-9,Up,M,Y,Friend,USA,30,Student,R,Church,10/12/2020
N-9,Up,M,Y,Friend,USA,30,Student,R,Opinion,11/24/2019
N-9,Up,M,Y,Friend,USA,30,Student,R,Church,4/25/2020
N-9,Up,M,Y,Friend,USA,30,Student,R,Life,10/26/2019
N-9,Both,M,Y,Friend,USA,30,Student,R,Life,12/1/2020
N-9,Up,M,Y,Friend,USA,30,Student,R,Life,7/21/2021
N-9,Both,M,Y,Friend,USA,30,Student,R,Opinion,8/11/2020
N-9,Up,M,Y,Friend,USA,30,Student,R,Opinion,7/3/2020
N-9,Up,M,Y,Friend,USA,30,Student,R,Church,7/12/2020
N-30,Up,M,A,Alumni,China,32,NA,M,Work,10/26/2020
N-30,Up,M,A,Alumni,China,32,NA,M,Life,12/1/2020
N-30,Up,M,A,Alumni,China,32,NA,M,Life,12/7/2019
N-73,Up,M,A,Church,China,33,NA,R,Life,5/10/2020
N-73,Up,M,A,Church,China,33,NA,R,Church,4/25/2020
N-73,Up,M,A,Church,China,33,NA,R,Life,6/9/2020
N-73,Up,M,A,Church,China,33,NA,R,Life,10/31/2020
N-73,Up,M,A,Church,China,33,NA,R,Church,2/27/2020
N-35,Up,F,A,Alumni,China,30,Lawyer,S,Life,12/1/2020
N-35,Up,F,A,Alumni,China,30,Lawyer,S,Life,5/10/2020
N-35,Up,F,A,Alumni,China,30,Lawyer,S,Church,7/12/2020
N-35,Up,F,A,Alumni,China,30,Lawyer,S,Church,4/25/2020
N-35,Up,F,A,Alumni,China,30,Lawyer,S,Church,10/12/2020
N-35,Co,F,A,Alumni,China,30,Lawyer,S,Life,6/9/2020
N-35,Up,F,A,Alumni,China,30,Lawyer,S,Life,12/7/2019
N-35,Up,F,A,Alumni,China,30,Lawyer,S,Church,7/12/2020
N-242,Co,M,N,Other,China,40,Professor,M,Life,7/1/2021
N-154,Co,F,A,Alumni,China,33,Engineer,M,Life,6/9/2020
N-154,Up,F,A,Alumni,China,33,Engineer,M,Life,5/10/2020
N-44,Up,M,A,Alumni,USA,30,Student,M,Life,12/1/2020
N-44,Up,M,A,Alumni,USA,30,Student,M,Life,10/31/2020
N-120,Up,M,N,Church,USA,30,Finance,M,Church,10/12/2020
N-97,Up,M,A,Church,China,30,Self-employ,R,Life,10/31/2020
N-118,Co,M,A,Church,China,33,Publisher,R,Life,6/9/2020
N-118,Up,M,A,Church,China,33,Publisher,R,Life,7/1/2021
N-118,Co,M,A,Church,China,33,Publisher,R,Life,7/16/2021
N-118,Up,M,A,Church,China,33,Publisher,R,Work,10/26/2020
N-194,Up,M,N,Work,China,35,CEO,M,Church,2/27/2020
N-194,Up,M,N,Work,China,35,CEO,M,Life,10/26/2019
N-105,Both,M,A,Church,USA,30,Student,R,Life,6/9/2020
N-105,Up,M,A,Church,USA,30,Student,R,Life,5/10/2020
N-105,Up,M,A,Church,USA,30,Student,R,Life,10/31/2020
N-105,Up,M,A,Church,USA,30,Student,R,Church,4/25/2020
N-18,Co,F,Y,Friend,USA,33,Finance,S,Life,12/1/2020
N-18,Both,F,Y,Friend,USA,33,Finance,S,Life,7/21/2021
N-18,Both,F,Y,Friend,USA,33,Finance,S,Life,7/1/2021
N-18,Co,F,Y,Friend,USA,33,Finance,S,Life,7/16/2021
N-18,Co,F,Y,Friend,USA,33,Finance,S,Life,2/28/2021
N-42,Up,M,A,Alumni,China,40,Lecturer,M,Life,12/1/2020
N-42,Up,M,A,Alumni,China,40,Lecturer,M,Life,7/21/2021
N-42,Up,M,A,Alumni,China,40,Lecturer,M,Life,12/7/2019
N-42,Up,M,A,Alumni,China,40,Lecturer,M,Opinion,3/16/2020
N-42,Up,M,A,Alumni,China,40,Lecturer,M,Life,10/31/2020
N-42,Up,M,A,Alumni,China,40,Lecturer,M,Life,6/9/2020
N-42,Up,M,A,Alumni,China,40,Lecturer,M,Church,4/25/2020
N-42,Up,M,A,Alumni,China,40,Lecturer,M,Work,10/26/2020
N-42,Up,M,A,Alumni,China,40,Lecturer,M,Church,10/12/2020
N-42,Up,M,A,Alumni,China,40,Lecturer,M,Life,3/6/2020
N-201,Up,M,A,Alumni,China,33,Manager,M,Life,10/26/2019
N-201,Up,M,A,Alumni,China,33,Manager,M,Life,7/16/2021
N-201,Up,M,A,Alumni,China,33,Manager,M,Life,12/7/2019
N-168,Up,F,N,Alumni,USA,35,NA,S,Opinion,11/24/2019
N-168,Up,F,N,Alumni,USA,35,NA,S,Life,12/7/2019
N-168,Up,F,N,Alumni,USA,35,NA,S,Life,5/10/2020
N-138,Up,F,A,Church,USA,30,Lawyer,S,Church,7/12/2020
N-138,Up,F,A,Church,USA,30,Lawyer,S,Church,4/25/2020
N-138,Up,F,A,Church,USA,30,Lawyer,S,Church,7/12/2020
N-21,Co,F,A,Church,USA,30,Student,M,Life,7/16/2021
N-21,Co,F,A,Church,USA,30,Student,M,Life,10/26/2019
N-21,Co,F,A,Church,USA,30,Student,M,Life,2/28/2021
N-216,Up,M,A,Church,USA,33,NA,M,Life,10/26/2019
N-216,Up,M,A,Church,USA,33,NA,M,Life,12/7/2019
N-180,Up,F,N,Alumni,USA,50,Engineer,M,Opinion,8/11/2020
N-180,Up,F,N,Alumni,USA,50,Engineer,M,Life,12/7/2019
N-67,Up,F,N,Church,USA,30,NA,M,Life,12/7/2019
N-67,Up,F,N,Church,USA,30,NA,M,Church,7/12/2020
N-67,Up,F,N,Church,USA,30,NA,M,Life,5/10/2020
N-67,Up,F,N,Church,USA,30,NA,M,Life,10/31/2020
N-67,Up,F,N,Church,USA,30,NA,M,Church,7/12/2020
N-67,Up,F,N,Church,USA,30,NA,M,Church,10/12/2020
N-238,Up,F,A,Church,USA,40,NA,M,Life,7/1/2021
N-246,Up,M,A,Alumni,China,32,NA,NA,Life,7/21/2021
N-101,Up,F,N,Other,USA,40,NA,M,Life,10/31/2020
N-96,Up,F,A,Church,Other,33,NA,S,Life,10/31/2020
N-96,Both,F,A,Church,Other,33,NA,S,Church,4/25/2020
N-96,Up,F,A,Church,Other,33,NA,S,Life,6/9/2020
N-96,Up,F,A,Church,Other,33,NA,S,Church,10/12/2020
N-96,Up,F,A,Church,Other,33,NA,S,Life,7/1/2021
N-4,Up,F,Y,Friend,USA,33,Accountant,S,Life,7/1/2021
N-4,Up,F,Y,Friend,USA,33,Accountant,S,Life,2/28/2021
N-52,Up,M,A,Church,China,32,Lawyer,S,Work,10/26/2020
N-52,Up,M,A,Church,China,32,Lawyer,S,Life,6/9/2020
N-52,Up,M,A,Church,China,32,Lawyer,S,Life,12/1/2020
N-52,Up,M,A,Church,China,32,Lawyer,S,Life,10/31/2020
N-52,Up,M,A,Church,China,32,Lawyer,S,Life,7/16/2021
N-52,Up,M,A,Church,China,32,Lawyer,S,Church,2/27/2020
N-19,Up,F,A,Alumni,USA,32,Engineer,M,Life,7/1/2021
N-19,Co,F,A,Alumni,USA,32,Engineer,M,Life,2/28/2021
N-19,Up,F,A,Alumni,USA,32,Engineer,M,Life,10/26/2019
N-19,Up,F,A,Alumni,USA,32,Engineer,M,Life,12/7/2019
N-19,Up,F,A,Alumni,USA,32,Engineer,M,Life,5/10/2020
N-203,Co,F,A,Alumni,USA,30,Professor,NA,Life,10/26/2019
N-203,Up,F,A,Alumni,USA,30,Professor,NA,Life,12/7/2019
N-203,Up,F,A,Alumni,USA,30,Professor,NA,Life,7/16/2021
N-203,Up,F,A,Alumni,USA,30,Professor,NA,Life,7/1/2021
N-37,Up,F,A,Church,USA,35,Self-employ,M,Life,7/1/2021
N-37,Up,F,A,Church,USA,35,Self-employ,M,Opinion,3/16/2020
N-37,Up,F,A,Church,USA,35,Self-employ,M,Life,10/31/2020
N-37,Up,F,A,Church,USA,35,Self-employ,M,Opinion,8/11/2020
N-37,Co,F,A,Church,USA,35,Self-employ,M,Church,4/25/2020
N-37,Both,F,A,Church,USA,35,Self-employ,M,Life,12/1/2020
N-24,Up,F,A,Church,Canada,60,Nurse,M,Life,12/1/2020
N-24,Up,F,A,Church,Canada,60,Nurse,M,Life,10/31/2020
N-70,Up,M,A,Alumni,USA,33,Reseacher,S,Life,10/31/2020
N-198,Up,F,N,Other,USA,35,Reseacher,R,Life,12/7/2019
N-187,Co,M,N,Church,China,40,Musician,M,Opinion,3/16/2020
N-72,Up,M,A,Alumni,USA,33,Reseacher,M,Life,10/31/2020
N-211,Up,M,N,Church,China,33,Programmer,M,Life,12/7/2019
N-23,Up,F,Y,Family,China,60,Servant,D,Opinion,8/11/2020
N-23,Up,F,Y,Family,China,60,Servant,D,Opinion,7/20/2020
N-23,Up,F,Y,Family,China,60,Servant,D,Life,7/1/2021
N-23,Up,F,Y,Family,China,60,Servant,D,Life,5/10/2020
N-23,Up,F,Y,Family,China,60,Servant,D,Life,12/1/2020
N-23,Co,F,Y,Family,China,60,Servant,D,Life,3/6/2020
N-23,Up,F,Y,Family,China,60,Servant,D,Church,4/25/2020
N-23,Up,F,Y,Family,China,60,Servant,D,Life,6/9/2020
N-23,Co,F,Y,Family,China,60,Servant,D,Life,10/26/2019
N-23,Up,F,Y,Family,China,60,Servant,D,Church,7/12/2020
N-23,Co,F,Y,Family,China,60,Servant,D,Life,7/16/2021
N-23,Co,F,Y,Family,China,60,Servant,D,Church,10/12/2020
N-23,Up,F,Y,Family,China,60,Servant,D,Opinion,7/3/2020
N-23,Up,F,Y,Family,China,60,Servant,D,Church,7/12/2020
N-23,Co,F,Y,Family,China,60,Servant,D,Life,2/28/2021
N-23,Up,F,Y,Family,China,60,Servant,D,Life,7/21/2021
N-23,Up,F,Y,Family,China,60,Servant,D,Life,12/7/2019
N-23,Up,F,Y,Family,China,60,Servant,D,Church,2/27/2020
N-23,Co,F,Y,Family,China,60,Servant,D,Work,10/26/2020
N-23,Up,F,Y,Family,China,60,Servant,D,Life,10/31/2020
N-53,Up,F,N,Church,USA,25,Student,S,Life,12/1/2020
N-98,Up,F,N,Church,China,35,NA,S,Life,10/31/2020
N-160,Up,F,N,Other,China,30,Teacher,S,Life,5/10/2020
N-151,Up,M,N,Church,China,28,NA,S,Life,6/9/2020
N-151,Up,M,N,Church,China,28,NA,S,Life,12/7/2019
N-113,Both,M,A,Church,USA,32,Engineer,S,Work,10/26/2020
N-113,Up,M,A,Church,USA,32,Engineer,S,Life,7/1/2021
N-113,Co,M,A,Church,USA,32,Engineer,S,Life,12/7/2019
N-113,Up,M,A,Church,USA,32,Engineer,S,Church,2/27/2020
N-113,Co,M,A,Church,USA,32,Engineer,S,Church,10/12/2020
N-113,Both,M,A,Church,USA,32,Engineer,S,Life,6/9/2020
N-113,Up,M,A,Church,USA,32,Engineer,S,Life,10/26/2019
N-239,Up,F,N,Alumni,USA,32,Accountant,M,Life,7/1/2021
N-232,Up,M,Y,Alumni,China,32,Engineer,S,Life,7/16/2021
N-232,Up,M,Y,Alumni,China,32,Engineer,S,Life,7/1/2021
N-62,Up,F,N,Church,USA,70,NA,M,Church,10/12/2020
N-62,Up,F,N,Church,USA,70,NA,M,Church,2/27/2020
N-62,Up,F,N,Church,USA,70,NA,M,Life,12/1/2020
N-62,Up,F,N,Church,USA,70,NA,M,Life,10/31/2020
N-226,Up,M,N,Alumni,USA,30,Student,NA,Life,10/26/2019
N-59,Co,M,Y,Church,USA,30,Lawyer,S,Life,10/26/2019
N-59,Up,M,Y,Church,USA,30,Lawyer,S,Life,5/10/2020
N-59,Up,M,Y,Church,USA,30,Lawyer,S,Life,6/9/2020
N-59,Up,M,Y,Church,USA,30,Lawyer,S,Church,10/12/2020
N-59,Up,M,Y,Church,USA,30,Lawyer,S,Life,10/31/2020
N-59,Up,M,Y,Church,USA,30,Lawyer,S,Opinion,8/11/2020
N-59,Up,M,Y,Church,USA,30,Lawyer,S,Life,12/1/2020
N-59,Up,M,Y,Church,USA,30,Lawyer,S,Life,12/7/2019
N-244,Up,M,A,Alumni,USA,32,Reseacher,S,Life,7/1/2021
N-5,Up,M,A,Church,Canada,25,Student,S,Life,2/28/2021
N-5,Up,M,A,Church,Canada,25,Student,S,Church,10/12/2020
N-5,Up,M,A,Church,Canada,25,Student,S,Life,10/31/2020
N-5,Up,M,A,Church,Canada,25,Student,S,Life,5/10/2020
N-41,Up,M,A,Church,Other,50,Writer,S,Life,12/1/2020
N-41,Up,M,A,Church,Other,50,Writer,S,Life,10/31/2020
N-170,Up,F,N,Other,China,60,Insurance,M,Life,5/10/2020
N-49,Up,M,A,Alumni,China,30,NA,S,Life,7/21/2021
N-49,Up,M,A,Alumni,China,30,NA,S,Life,12/7/2019
N-49,Up,M,A,Alumni,China,30,NA,S,Life,12/1/2020
N-49,Up,M,A,Alumni,China,30,NA,S,Life,10/31/2020
N-25,Both,M,A,Alumni,USA,25,Lawyer,R,Life,12/1/2020
N-34,Up,M,N,Church,USA,40,Engineer,M,Life,12/1/2020
N-34,Up,M,N,Church,USA,40,Engineer,M,Church,2/27/2020
N-235,Up,F,A,Alumni,China,28,NA,NA,Life,7/1/2021
N-247,Up,F,A,Alumni,USA,35,Student,S,Life,7/21/2021
N-65,Up,F,N,Church,USA,40,Servant,M,Life,10/31/2020
N-65,Co,F,N,Church,USA,40,Servant,M,Life,12/1/2020
N-86,Up,M,A,Church,USA,33,Reseacher,M,Life,5/10/2020
N-86,Up,M,A,Church,USA,33,Reseacher,M,Church,2/27/2020
N-86,Up,M,A,Church,USA,33,Reseacher,M,Life,7/16/2021
N-86,Up,M,A,Church,USA,33,Reseacher,M,Church,4/25/2020
N-86,Both,M,A,Church,USA,33,Reseacher,M,Life,12/7/2019
N-86,Up,M,A,Church,USA,33,Reseacher,M,Church,10/12/2020
N-86,Up,M,A,Church,USA,33,Reseacher,M,Life,10/31/2020
N-86,Up,M,A,Church,USA,33,Reseacher,M,Opinion,8/11/2020
N-56,Up,F,A,Friend,Africa,32,NA,M,Work,10/26/2020
N-56,Up,F,A,Friend,Africa,32,NA,M,Life,10/31/2020
N-56,Up,F,A,Friend,Africa,32,NA,M,Life,12/1/2020
N-56,Co,F,A,Friend,Africa,32,NA,M,Life,3/6/2020
N-111,Up,M,N,Alumni,USA,25,Student,R,Work,10/26/2020
N-137,Up,F,A,Church,USA,23,Nurse,R,Church,7/12/2020
N-137,Up,F,A,Church,USA,23,Nurse,R,Church,4/25/2020
N-137,Up,F,A,Church,USA,23,Nurse,R,Life,10/26/2019
N-137,Up,F,A,Church,USA,23,Nurse,R,Life,12/7/2019
N-137,Up,F,A,Church,USA,23,Nurse,R,Church,7/12/2020
N-150,Up,F,A,Church,USA,30,Accountant,R,Life,5/10/2020
N-150,Up,F,A,Church,USA,30,Accountant,R,Life,7/1/2021
N-150,Up,F,A,Church,USA,30,Accountant,R,Life,12/7/2019
N-150,Up,F,A,Church,USA,30,Accountant,R,Life,6/9/2020
N-189,Up,M,N,Church,USA,30,Finance,S,Life,7/21/2021
N-189,Co,M,N,Church,USA,30,Finance,S,Opinion,3/16/2020
N-167,Up,M,N,Alumni,USA,35,Engineer,M,Life,5/10/2020
N-124,Up,F,N,Church,USA,30,NA,S,Church,10/12/2020
N-124,Up,F,N,Church,USA,30,NA,S,Life,7/1/2021
N-46,Up,M,Y,Friend,China,30,Student,S,Life,12/1/2020
N-46,Up,M,Y,Friend,China,30,Student,S,Life,12/7/2019
N-46,Up,M,Y,Friend,China,30,Student,S,Life,10/31/2020
N-46,Up,M,Y,Friend,China,30,Student,S,Life,7/21/2021
N-46,Up,M,Y,Friend,China,30,Student,S,Life,6/9/2020
N-46,Up,M,Y,Friend,China,30,Student,S,Life,10/26/2019
N-46,Up,M,Y,Friend,China,30,Student,S,Life,5/10/2020
N-46,Up,M,Y,Friend,China,30,Student,S,Opinion,3/16/2020
N-46,Up,M,Y,Friend,China,30,Student,S,Opinion,8/11/2020
N-46,Up,M,Y,Friend,China,30,Student,S,Work,10/26/2020
N-46,Up,M,Y,Friend,China,30,Student,S,Opinion,7/20/2020
N-46,Up,M,Y,Friend,China,30,Student,S,Church,2/27/2020
N-46,Up,M,Y,Friend,China,30,Student,S,Opinion,7/3/2020
N-46,Both,M,Y,Friend,China,30,Student,S,Life,7/1/2021
N-46,Up,M,Y,Friend,China,30,Student,S,Church,10/12/2020
N-46,Up,M,Y,Friend,China,30,Student,S,Life,7/16/2021
N-199,Up,F,N,Alumni,China,25,Reseacher,NA,Life,12/7/2019
N-29,Up,M,A,Church,USA,60,NA,M,Opinion,8/11/2020
N-29,Up,M,A,Church,USA,60,NA,M,Opinion,7/20/2020
N-29,Both,M,A,Church,USA,60,NA,M,Life,6/9/2020
N-29,Up,M,A,Church,USA,60,NA,M,Church,4/25/2020
N-29,Both,M,A,Church,USA,60,NA,M,Life,12/1/2020
N-29,Both,M,A,Church,USA,60,NA,M,Life,12/7/2019
N-127,Up,M,A,Church,USA,40,Programmer,M,Opinion,3/16/2020
N-127,Both,M,A,Church,USA,40,Programmer,M,Opinion,8/11/2020
N-127,Up,M,A,Church,USA,40,Programmer,M,Church,10/12/2020
N-127,Up,M,A,Church,USA,40,Programmer,M,Life,5/10/2020
N-134,Co,M,A,Church,China,40,Professor,M,Church,10/12/2020
N-54,Up,M,A,Alumni,China,32,NA,M,Life,12/7/2019
N-54,Up,M,A,Alumni,China,32,NA,M,Opinion,3/16/2020
N-54,Up,M,A,Alumni,China,32,NA,M,Work,10/26/2020
N-54,Up,M,A,Alumni,China,32,NA,M,Life,7/1/2021
N-54,Up,M,A,Alumni,China,32,NA,M,Life,12/1/2020
N-128,Up,M,N,Church,Canada,35,NA,S,Church,10/12/2020
N-228,Up,M,N,Other,USA,40,Doctor,M,Life,10/26/2019
N-117,Up,M,A,Alumni,China,34,Professor,M,Life,7/21/2021
N-117,Up,M,A,Alumni,China,34,Professor,M,Work,10/26/2020
N-117,Up,M,A,Alumni,China,34,Professor,M,Life,7/1/2021
N-117,Up,M,A,Alumni,China,34,Professor,M,Life,12/7/2019
N-117,Up,M,A,Alumni,China,34,Professor,M,Life,10/26/2019
N-186,Up,F,N,Alumni,China,28,NA,M,Opinion,3/16/2020
N-186,Up,F,N,Alumni,China,28,NA,M,Life,10/26/2019
N-129,Up,M,N,Church,USA,40,Servant,M,Church,10/12/2020
N-182,Up,F,A,Church,USA,28,Student,S,Church,2/27/2020
N-182,Up,F,A,Church,USA,28,Student,S,Opinion,8/11/2020
N-182,Up,F,A,Church,USA,28,Student,S,Life,7/16/2021
N-32,Up,M,Y,Friend,USA,30,Student,S,Opinion,8/11/2020
N-32,Up,M,Y,Friend,USA,30,Student,S,Life,3/6/2020
N-32,Both,M,Y,Friend,USA,30,Student,S,Life,12/7/2019
N-32,Up,M,Y,Friend,USA,30,Student,S,Life,7/1/2021
N-32,Up,M,Y,Friend,USA,30,Student,S,Life,7/16/2021
N-32,Up,M,Y,Friend,USA,30,Student,S,Life,10/26/2019
N-32,Up,M,Y,Friend,USA,30,Student,S,Life,10/31/2020
N-32,Co,M,Y,Friend,USA,30,Student,S,Work,10/26/2020
N-32,Up,M,Y,Friend,USA,30,Student,S,Life,12/1/2020
N-152,Up,M,A,Alumni,China,40,Professor,M,Life,12/7/2019
N-152,Up,M,A,Alumni,China,40,Professor,M,Life,6/9/2020
N-26,Up,M,A,Alumni,USA,32,Reseacher,M,Life,7/21/2021
N-26,Up,M,A,Alumni,USA,32,Reseacher,M,Life,12/1/2020
N-26,Up,M,A,Alumni,USA,32,Reseacher,M,Life,10/26/2019
N-142,Up,M,A,Other,USA,33,Reseacher,S,Life,6/9/2020
N-142,Up,M,A,Other,USA,33,Reseacher,S,Life,12/7/2019
N-146,Up,M,N,Other,USA,35,Reseacher,R,Life,12/7/2019
N-146,Up,M,N,Other,USA,35,Reseacher,R,Life,6/9/2020
N-146,Up,M,N,Other,USA,35,Reseacher,R,Life,5/10/2020
N-146,Up,M,N,Other,USA,35,Reseacher,R,Life,10/26/2019
N-13,Up,M,A,Alumni,China,32,NA,S,Life,2/28/2021
N-13,Up,M,A,Alumni,China,32,NA,S,Life,7/16/2021
N-122,Up,M,A,Church,USA,50,Professor,M,Church,10/12/2020
N-131,Up,F,A,Family,China,45,Self-employ,M,Church,10/12/2020
N-48,Up,M,A,Other,USA,35,Engineer,M,Church,4/25/2020
N-48,Up,M,A,Other,USA,35,Engineer,M,Life,6/9/2020
N-48,Up,M,A,Other,USA,35,Engineer,M,Life,12/1/2020
N-48,Up,M,A,Other,USA,35,Engineer,M,Life,7/1/2021
N-48,Up,M,A,Other,USA,35,Engineer,M,Life,7/16/2021
N-236,Up,F,A,Church,USA,30,Nutritionist,M,Life,7/1/2021
N-92,Up,M,A,Alumni,China,32,NA,M,Life,12/7/2019
N-92,Up,M,A,Alumni,China,32,NA,M,Life,5/10/2020
N-92,Co,M,A,Alumni,China,32,NA,M,Life,6/9/2020
N-92,Up,M,A,Alumni,China,32,NA,M,Life,10/31/2020
N-213,Up,F,N,Church,China,30,NA,NA,Life,12/7/2019
N-119,Up,M,N,Other,China,NA,Professor,M,Work,10/26/2020
N-102,Up,M,N,Church,Japan,45,Scientist,M,Life,10/31/2020
N-22,Both,F,A,Church,China,60,NA,M,Life,3/6/2020
N-22,Up,F,A,Church,China,60,NA,M,Life,12/1/2020
N-22,Co,F,A,Church,China,60,NA,M,Life,2/28/2021
N-22,Up,F,A,Church,China,60,NA,M,Life,10/31/2020
N-22,Co,F,A,Church,China,60,NA,M,Church,10/12/2020
N-22,Up,F,A,Church,China,60,NA,M,Life,7/1/2021
N-22,Up,F,A,Church,China,60,NA,M,Life,7/21/2021
N-22,Up,F,A,Church,China,60,NA,M,Opinion,8/11/2020
N-22,Up,F,A,Church,China,60,NA,M,Life,12/7/2019
N-22,Up,F,A,Church,China,60,NA,M,Life,10/26/2019
N-79,Up,F,A,Church,USA,30,Musician,S,Opinion,8/11/2020
N-79,Up,F,A,Church,USA,30,Musician,S,Life,10/31/2020
N-79,Up,F,A,Church,USA,30,Musician,S,Church,10/12/2020
N-79,Both,F,A,Church,USA,30,Musician,S,Life,5/10/2020
N-63,Co,M,A,Alumni,China,30,NA,M,Life,12/1/2020
N-243,Co,M,A,Church,USA,27,Student,S,Life,7/1/2021
N-130,Co,F,N,Church,USA,30,Student,S,Opinion,3/16/2020
N-130,Up,F,N,Church,USA,30,Student,S,Church,10/12/2020
N-130,Up,F,N,Church,USA,30,Student,S,Life,10/26/2019
N-121,Up,F,A,Church,China,35,NA,M,Church,10/12/2020
N-121,Up,F,A,Church,China,35,NA,M,Life,10/26/2019
N-121,Up,F,A,Church,China,35,NA,M,Life,5/10/2020
N-121,Up,F,A,Church,China,35,NA,M,Life,12/7/2019
N-121,Up,F,A,Church,China,35,NA,M,Life,7/1/2021
N-121,Up,F,A,Church,China,35,NA,M,Life,7/16/2021
N-121,Up,F,A,Church,China,35,NA,M,Life,6/9/2020
N-66,Up,F,A,Alumni,China,33,NA,M,Life,10/31/2020
N-106,Up,M,Y,Alumni,Saudi Arabia,33,Manager,M,Life,6/9/2020
N-106,Up,M,Y,Alumni,Saudi Arabia,33,Manager,M,Life,7/16/2021
N-106,Both,M,Y,Alumni,Saudi Arabia,33,Manager,M,Life,10/31/2020
N-106,Up,M,Y,Alumni,Saudi Arabia,33,Manager,M,Life,12/7/2019
N-8,Up,M,Y,Church,USA,35,Engineer,M,Church,4/25/2020
N-8,Up,M,Y,Church,USA,35,Engineer,M,Life,7/21/2021
N-8,Up,M,Y,Church,USA,35,Engineer,M,Life,5/10/2020
N-8,Both,M,Y,Church,USA,35,Engineer,M,Life,7/16/2021
N-8,Both,M,Y,Church,USA,35,Engineer,M,Opinion,8/11/2020
N-8,Up,M,Y,Church,USA,35,Engineer,M,Life,10/31/2020
N-8,Up,M,Y,Church,USA,35,Engineer,M,Life,2/28/2021
N-8,Both,M,Y,Church,USA,35,Engineer,M,Life,7/1/2021
N-8,Up,M,Y,Church,USA,35,Engineer,M,Church,7/12/2020
N-8,Up,M,Y,Church,USA,35,Engineer,M,Opinion,7/3/2020
N-8,Co,M,Y,Church,USA,35,Engineer,M,Life,12/1/2020
N-8,Up,M,Y,Church,USA,35,Engineer,M,Church,7/12/2020
N-174,Up,F,N,Church,China,30,Lawyer,S,Church,4/25/2020
N-174,Up,F,N,Church,China,30,Lawyer,S,Life,12/7/2019
N-55,Up,F,A,Church,USA,32,Student,R,Life,12/1/2020
N-55,Both,F,A,Church,USA,32,Student,R,Church,2/27/2020
N-55,Up,F,A,Church,USA,32,Student,R,Life,10/31/2020
N-55,Up,F,A,Church,USA,32,Student,R,Life,5/10/2020
N-55,Up,F,A,Church,USA,32,Student,R,Church,4/25/2020
N-82,Up,F,A,Church,USA,35,Servant,M,Church,10/12/2020
N-82,Up,F,A,Church,USA,35,Servant,M,Life,10/31/2020
N-82,Up,F,A,Church,USA,35,Servant,M,Life,5/10/2020
N-82,Up,F,A,Church,USA,35,Servant,M,Life,12/7/2019
N-185,Up,F,N,Church,China,40,Professor,M,Opinion,7/3/2020
N-104,Co,F,N,Other,USA,33,NA,M,Life,7/16/2021
N-104,Up,F,N,Other,USA,33,NA,M,Life,10/31/2020
N-75,Up,F,N,Church,China,40,Teacher,M,Life,10/31/2020
N-149,Up,F,A,Church,China,33,Professor,M,Life,5/10/2020
N-149,Both,F,A,Church,China,33,Professor,M,Life,10/26/2019
N-149,Up,F,A,Church,China,33,Professor,M,Life,6/9/2020
N-149,Up,F,A,Church,China,33,Professor,M,Life,7/1/2021
N-197,Up,F,A,Church,USA,30,Musician,M,Life,12/7/2019
N-197,Co,F,A,Church,USA,30,Musician,M,Church,2/27/2020
N-10,Up,M,A,Alumni,USA,25,Student,S,Life,12/1/2020
N-10,Up,M,A,Alumni,USA,25,Student,S,Life,2/28/2021
N-10,Up,M,A,Alumni,USA,25,Student,S,Life,7/1/2021
N-159,Up,M,N,Alumni,USA,35,Reseacher,M,Life,5/10/2020
N-209,Up,M,N,Church,China,45,Doctor,M,Life,12/7/2019
N-28,Up,M,A,Alumni,China,32,NA,M,Life,7/1/2021
N-28,Co,M,A,Alumni,China,32,NA,M,Life,10/26/2019
N-28,Up,M,A,Alumni,China,32,NA,M,Life,12/1/2020
N-28,Both,M,A,Alumni,China,32,NA,M,Life,7/16/2021
N-28,Up,M,A,Alumni,China,32,NA,M,Life,12/7/2019
N-15,Up,F,A,Church,USA,55,Servant,M,Life,12/1/2020
N-15,Up,F,A,Church,USA,55,Servant,M,Life,7/1/2021
N-15,Up,F,A,Church,USA,55,Servant,M,Work,10/26/2020
N-15,Up,F,A,Church,USA,55,Servant,M,Life,2/28/2021
N-15,Up,F,A,Church,USA,55,Servant,M,Life,10/31/2020
N-15,Up,F,A,Church,USA,55,Servant,M,Life,7/16/2021
N-64,Up,M,N,Other,USA,35,Reseacher,M,Life,7/21/2021
N-64,Up,M,N,Other,USA,35,Reseacher,M,Life,6/9/2020
N-64,Co,M,N,Other,USA,35,Reseacher,M,Life,12/1/2020
N-64,Up,M,N,Other,USA,35,Reseacher,M,Opinion,8/11/2020
N-64,Up,M,N,Other,USA,35,Reseacher,M,Life,5/10/2020
N-64,Up,M,N,Other,USA,35,Reseacher,M,Life,10/31/2020
N-64,Up,M,N,Other,USA,35,Reseacher,M,Opinion,3/16/2020
N-64,Up,M,N,Other,USA,35,Reseacher,M,Life,7/1/2021
N-64,Up,M,N,Other,USA,35,Reseacher,M,Life,7/16/2021
N-169,Up,F,A,Church,China,40,Servant,M,Life,5/10/2020
N-169,Up,F,A,Church,China,40,Servant,M,Life,12/7/2019
N-100,Up,F,N,Alumni,Other,35,NA,M,Life,10/31/2020
N-240,Up,F,A,Church,USA,30,Student,M,Life,7/1/2021
N-240,Both,F,A,Church,USA,30,Student,M,Life,7/16/2021
N-33,Up,M,A,Church,Canada,25,Student,S,Life,12/1/2020
N-33,Up,M,A,Church,Canada,25,Student,S,Church,4/25/2020
N-206,Up,M,N,Work,China,33,NA,M,Life,12/7/2019
N-16,Up,M,A,Family,China,22,Self-employ,R,Life,2/28/2021
N-16,Up,M,A,Family,China,22,Self-employ,R,Life,12/1/2020
N-16,Up,M,A,Family,China,22,Self-employ,R,Church,10/12/2020
N-16,Up,M,A,Family,China,22,Self-employ,R,Life,7/16/2021
N-16,Up,M,A,Family,China,22,Self-employ,R,Church,4/25/2020
N-16,Up,M,A,Family,China,22,Self-employ,R,Life,10/31/2020
N-76,Up,F,A,Alumni,USA,33,Reseacher,M,Life,7/1/2021
N-76,Up,F,A,Alumni,USA,33,Reseacher,M,Life,10/31/2020
N-76,Up,F,A,Alumni,USA,33,Reseacher,M,Life,7/21/2021
N-183,Co,M,A,Church,China,40,Doctor,M,Opinion,8/11/2020
N-224,Both,M,N,Alumni,USA,33,NA,NA,Life,10/26/2019
N-214,Up,M,A,Church,China,40,Insurance,M,Life,7/16/2021
N-214,Up,M,A,Church,China,40,Insurance,M,Life,12/7/2019
N-214,Up,M,A,Church,China,40,Insurance,M,Life,7/1/2021
N-184,Co,F,N,Church,China,45,NA,M,Life,10/26/2019
N-184,Up,F,N,Church,China,45,NA,M,Life,3/6/2020
N-184,Co,F,N,Church,China,45,NA,M,Opinion,7/20/2020
N-40,Up,M,Y,Church,USA,32,Student,M,Life,10/26/2019
N-40,Up,M,Y,Church,USA,32,Student,M,Opinion,7/3/2020
N-40,Up,M,Y,Church,USA,32,Student,M,Life,7/16/2021
N-40,Up,M,Y,Church,USA,32,Student,M,Church,2/27/2020
N-40,Up,M,Y,Church,USA,32,Student,M,Life,7/1/2021
N-40,Up,M,Y,Church,USA,32,Student,M,Church,4/25/2020
N-40,Co,M,Y,Church,USA,32,Student,M,Life,6/9/2020
N-40,Up,M,Y,Church,USA,32,Student,M,Life,7/21/2021
N-40,Up,M,Y,Church,USA,32,Student,M,Life,12/7/2019
N-40,Co,M,Y,Church,USA,32,Student,M,Life,3/6/2020
N-40,Up,M,Y,Church,USA,32,Student,M,Life,10/31/2020
N-40,Up,M,Y,Church,USA,32,Student,M,Life,12/1/2020
N-40,Up,M,Y,Church,USA,32,Student,M,Life,5/10/2020
N-40,Up,M,Y,Church,USA,32,Student,M,Church,10/12/2020
N-205,Up,M,A,Alumni,China,35,Professor,S,Life,7/16/2021
N-205,Up,M,A,Alumni,China,35,Professor,S,Life,12/7/2019
N-205,Up,M,A,Alumni,China,35,Professor,S,Life,7/1/2021
N-38,Up,M,A,Alumni,China,30,Engineer,S,Opinion,3/16/2020
N-38,Up,M,A,Alumni,China,30,Engineer,S,Life,6/9/2020
N-38,Up,M,A,Alumni,China,30,Engineer,S,Life,7/1/2021
N-38,Up,M,A,Alumni,China,30,Engineer,S,Life,12/7/2019
N-38,Up,M,A,Alumni,China,30,Engineer,S,Life,7/16/2021
N-38,Up,M,A,Alumni,China,30,Engineer,S,Life,12/1/2020
N-125,Up,M,N,Church,USA,35,NA,M,Church,10/12/2020
N-3,Up,F,A,Alumni,Canada,33,Reseacher,S,Life,12/7/2019
N-3,Up,F,A,Alumni,Canada,33,Reseacher,S,Life,12/1/2020
N-3,Up,F,A,Alumni,Canada,33,Reseacher,S,Life,2/28/2021
N-3,Up,F,A,Alumni,Canada,33,Reseacher,S,Life,7/21/2021
N-3,Up,F,A,Alumni,Canada,33,Reseacher,S,Life,7/1/2021
N-3,Up,F,A,Alumni,Canada,33,Reseacher,S,Life,10/26/2019
N-3,Up,F,A,Alumni,Canada,33,Reseacher,S,Life,5/10/2020
N-3,Up,F,A,Alumni,Canada,33,Reseacher,S,Opinion,8/11/2020
N-3,Both,F,A,Alumni,Canada,33,Reseacher,S,Life,10/31/2020
N-195,Up,F,N,Church,China,30,NA,S,Church,2/27/2020
N-195,Both,F,N,Church,China,30,NA,S,Life,12/7/2019
N-195,Up,F,N,Church,China,30,NA,S,Life,10/26/2019
N-60,Both,M,A,Church,USA,40,Engineer,M,Church,10/12/2020
N-60,Up,M,A,Church,USA,40,Engineer,M,Work,10/26/2020
N-60,Up,M,A,Church,USA,40,Engineer,M,Life,12/7/2019
N-60,Up,M,A,Church,USA,40,Engineer,M,Church,7/12/2020
N-60,Up,M,A,Church,USA,40,Engineer,M,Life,12/1/2020
N-60,Up,M,A,Church,USA,40,Engineer,M,Life,6/9/2020
N-60,Up,M,A,Church,USA,40,Engineer,M,Church,7/12/2020
N-218,Up,M,N,Alumni,USA,30,Student,S,Life,12/7/2019
N-126,Up,M,N,Church,USA,28,Programmer,S,Church,10/12/2020
N-126,Up,M,N,Church,USA,28,Programmer,S,Life,7/21/2021
N-126,Up,M,N,Church,USA,28,Programmer,S,Life,7/1/2021
N-126,Up,M,N,Church,USA,28,Programmer,S,Opinion,7/20/2020
N-162,Up,F,A,Church,USA,32,Finance,M,Life,5/10/2020
N-223,Up,F,A,Church,USA,32,Finance,M,Life,10/26/2019
N-58,Up,F,A,Church,USA,30,NA,M,Life,12/1/2020
N-58,Up,F,A,Church,USA,30,NA,M,Church,10/12/2020
N-58,Up,F,A,Church,USA,30,NA,M,Church,4/25/2020
N-58,Up,F,A,Church,USA,30,NA,M,Life,12/7/2019
N-58,Up,F,A,Church,USA,30,NA,M,Life,7/16/2021
N-58,Up,F,A,Church,USA,30,NA,M,Life,5/10/2020
N-207,Up,M,N,Church,Australia,30,Lawyer,S,Life,10/26/2019
N-207,Up,M,N,Church,Australia,30,Lawyer,S,Life,12/7/2019
N-178,Co,F,N,Church,USA,25,Student,S,Church,4/25/2020
N-176,Up,F,N,Church,USA,30,NA,M,Church,4/25/2020
N-47,Up,M,N,Church,USA,35,Programmer,M,Life,12/7/2019
N-47,Up,M,N,Church,USA,35,Programmer,M,Life,12/1/2020
N-47,Up,M,N,Church,USA,35,Programmer,M,Life,5/10/2020
N-99,Up,F,A,Alumni,China,33,Engineer,S,Life,10/31/2020
N-68,Up,F,A,Alumni,China,30,Lawyer,S,Life,10/31/2020
N-179,Co,M,N,Church,China,35,NA,M,Church,4/25/2020
N-84,Up,F,A,Church,USA,33,Self-employ,M,Life,10/31/2020
N-83,Up,F,A,Church,USA,30,Student,M,Life,5/10/2020
N-83,Up,F,A,Church,USA,30,Student,M,Life,7/16/2021
N-83,Up,F,A,Church,USA,30,Student,M,Life,10/31/2020
N-83,Up,F,A,Church,USA,30,Student,M,Church,10/12/2020
N-164,Up,F,A,Church,USA,45,NA,M,Life,5/10/2020
N-164,Up,F,A,Church,USA,45,NA,M,Life,12/7/2019
N-164,Up,F,A,Church,USA,45,NA,M,Life,7/16/2021
N-91,Up,F,A,Church,China,32,Teacher,M,Life,10/31/2020
N-133,Up,M,A,Church,USA,35,Self-employ,M,Church,2/27/2020
N-133,Co,M,A,Church,USA,35,Self-employ,M,Church,10/12/2020
N-133,Co,M,A,Church,USA,35,Self-employ,M,Life,7/16/2021
N-135,Up,M,A,Church,USA,33,Student,M,Church,7/12/2020
N-135,Up,M,A,Church,USA,33,Student,M,Life,5/10/2020
N-135,Up,M,A,Church,USA,33,Student,M,Life,3/6/2020
N-135,Up,M,A,Church,USA,33,Student,M,Church,7/12/2020
N-80,Up,M,N,Church,China,33,Doctor,S,Life,10/31/2020
N-2,Both,F,Y,Family,China,25,Self-employ,S,Life,2/28/2021
N-2,Up,F,Y,Family,China,25,Self-employ,S,Church,10/12/2020
N-2,Up,F,Y,Family,China,25,Self-employ,S,Life,6/9/2020
N-2,Up,F,Y,Family,China,25,Self-employ,S,Life,10/26/2019
N-2,Up,F,Y,Family,China,25,Self-employ,S,Church,2/27/2020
N-2,Up,F,Y,Family,China,25,Self-employ,S,Life,7/21/2021
N-2,Up,F,Y,Family,China,25,Self-employ,S,Life,7/1/2021
N-2,Up,F,Y,Family,China,25,Self-employ,S,Opinion,8/11/2020
N-2,Up,F,Y,Family,China,25,Self-employ,S,Life,5/10/2020
N-157,Up,F,A,Alumni,USA,32,Engineer,S,Life,12/7/2019
N-157,Up,F,A,Alumni,USA,32,Engineer,S,Life,7/21/2021
N-157,Up,F,A,Alumni,USA,32,Engineer,S,Life,7/1/2021
N-157,Up,F,A,Alumni,USA,32,Engineer,S,Life,10/26/2019
N-157,Up,F,A,Alumni,USA,32,Engineer,S,Life,5/10/2020
N-87,Up,M,N,Church,USA,33,Programmer,M,Opinion,8/11/2020
N-87,Up,M,N,Church,USA,33,Programmer,M,Life,10/31/2020
N-12,Up,M,Y,Friend,USA,32,Engineer,R,Life,7/1/2021
N-12,Up,M,Y,Friend,USA,32,Engineer,R,Life,10/26/2019
N-12,Up,M,Y,Friend,USA,32,Engineer,R,Life,12/7/2019
N-12,Up,M,Y,Friend,USA,32,Engineer,R,Life,6/9/2020
N-12,Up,M,Y,Friend,USA,32,Engineer,R,Church,10/12/2020
N-12,Up,M,Y,Friend,USA,32,Engineer,R,Life,2/28/2021
N-12,Up,M,Y,Friend,USA,32,Engineer,R,Life,12/1/2020
N-12,Up,M,Y,Friend,USA,32,Engineer,R,Life,7/16/2021
N-61,Up,M,A,Church,USA,65,Professor,M,Life,12/1/2020
N-136,Up,F,A,Church,USA,35,Student,S,Life,10/26/2019
N-136,Up,F,A,Church,USA,35,Student,S,Church,7/12/2020
N-136,Up,F,A,Church,USA,35,Student,S,Church,4/25/2020
N-136,Both,F,A,Church,USA,35,Student,S,Life,5/10/2020
N-136,Up,F,A,Church,USA,35,Student,S,Church,7/12/2020
N-136,Both,F,A,Church,USA,35,Student,S,Church,2/27/2020
N-132,Co,M,A,Church,USA,30,Student,M,Church,10/12/2020
N-141,Up,M,N,Other,China,30,Student,S,Life,5/10/2020
N-141,Both,M,N,Other,China,30,Student,S,Life,6/9/2020
N-141,Up,M,N,Other,China,30,Student,S,Opinion,3/16/2020
N-141,Up,M,N,Other,China,30,Student,S,Church,4/25/2020
N-210,Up,M,A,Alumni,USA,33,Reseacher,M,Life,12/7/2019
N-210,Co,M,A,Alumni,USA,33,Reseacher,M,Life,10/26/2019
N-230,Up,M,A,Alumni,USA,35,Reseacher,M,Life,7/16/2021
N-230,Up,M,A,Alumni,USA,35,Reseacher,M,Life,7/1/2021
N-230,Co,M,A,Alumni,USA,35,Reseacher,M,Life,10/26/2019
N-78,Up,M,Y,Friend,China,33,Engineer,M,Life,10/31/2020
N-14,Up,M,A,Church,China,32,NA,R,Life,6/9/2020
N-14,Up,M,A,Church,China,32,NA,R,Church,7/12/2020
N-14,Up,M,A,Church,China,32,NA,R,Opinion,3/16/2020
N-14,Up,M,A,Church,China,32,NA,R,Life,3/6/2020
N-14,Up,M,A,Church,China,32,NA,R,Life,10/31/2020
N-14,Up,M,A,Church,China,32,NA,R,Life,7/16/2021
N-14,Up,M,A,Church,China,32,NA,R,Life,2/28/2021
N-14,Up,M,A,Church,China,32,NA,R,Church,2/27/2020
N-14,Up,M,A,Church,China,32,NA,R,Church,7/12/2020
N-14,Up,M,A,Church,China,32,NA,R,Life,7/21/2021
N-14,Up,M,A,Church,China,32,NA,R,Life,12/1/2020
N-14,Up,M,A,Church,China,32,NA,R,Opinion,8/11/2020
N-14,Up,M,A,Church,China,32,NA,R,Life,7/1/2021
N-140,Up,M,A,Church,China,60,Professor,M,Church,2/27/2020
N-140,Both,M,A,Church,China,60,Professor,M,Church,4/25/2020
N-140,Up,M,A,Church,China,60,Professor,M,Life,6/9/2020
N-140,Up,M,A,Church,China,60,Professor,M,Opinion,7/20/2020
N-93,Up,M,A,Church,China,30,NA,M,Life,7/16/2021
N-93,Up,M,A,Church,China,30,NA,M,Life,7/21/2021
N-93,Up,M,A,Church,China,30,NA,M,Life,7/1/2021
N-93,Co,M,A,Church,China,30,NA,M,Life,6/9/2020
N-93,Up,M,A,Church,China,30,NA,M,Life,10/31/2020
N-85,Up,M,N,Other,China,40,Professor,M,Life,12/7/2019
N-85,Up,M,N,Other,China,40,Professor,M,Work,10/26/2020
N-85,Up,M,N,Other,China,40,Professor,M,Life,10/31/2020
N-219,Up,M,A,Family,China,35,Manager,M,Life,12/7/2019
N-112,Up,M,A,Alumni,China,35,NA,M,Life,12/7/2019
N-112,Up,M,A,Alumni,China,35,NA,M,Work,10/26/2020
N-51,Both,F,A,Alumni,USA,32,Engineer,M,Life,7/1/2021
N-51,Up,F,A,Alumni,USA,32,Engineer,M,Life,12/1/2020
N-51,Up,F,A,Alumni,USA,32,Engineer,M,Life,10/31/2020
N-51,Up,F,A,Alumni,USA,32,Engineer,M,Life,10/26/2019
N-51,Up,F,A,Alumni,USA,32,Engineer,M,Life,6/9/2020
N-51,Up,F,A,Alumni,USA,32,Engineer,M,Life,12/7/2019
N-51,Up,F,A,Alumni,USA,32,Engineer,M,Life,5/10/2020
N-74,Up,M,A,Church,USA,30,Student,S,Life,10/26/2019
N-74,Up,M,A,Church,USA,30,Student,S,Life,7/1/2021
N-74,Up,M,A,Church,USA,30,Student,S,Life,10/31/2020
N-74,Up,M,A,Church,USA,30,Student,S,Life,5/10/2020
N-74,Up,M,A,Church,USA,30,Student,S,Life,6/9/2020
N-74,Up,M,A,Church,USA,30,Student,S,Life,12/7/2019
N-17,Up,F,A,Church,USA,60,Servant,M,Life,5/10/2020
N-17,Up,F,A,Church,USA,60,Servant,M,Church,4/25/2020
N-17,Up,F,A,Church,USA,60,Servant,M,Life,7/16/2021
N-17,Up,F,A,Church,USA,60,Servant,M,Church,2/27/2020
N-17,Up,F,A,Church,USA,60,Servant,M,Life,7/1/2021
N-17,Up,F,A,Church,USA,60,Servant,M,Life,12/1/2020
N-17,Up,F,A,Church,USA,60,Servant,M,Life,10/31/2020
N-17,Up,F,A,Church,USA,60,Servant,M,Church,7/12/2020
N-17,Up,F,A,Church,USA,60,Servant,M,Church,7/12/2020
N-17,Co,F,A,Church,USA,60,Servant,M,Life,2/28/2021
N-17,Up,F,A,Church,USA,60,Servant,M,Church,10/12/2020
N-248,Up,M,N,Other,USA,60,NA,M,Life,7/21/2021
N-103,Up,M,A,Alumni,China,33,NA,M,Life,12/7/2019
N-103,Up,M,A,Alumni,China,33,NA,M,Life,10/31/2020
N-190,Up,M,N,Church,Taiwan,50,Servant,S,Life,3/6/2020
N-163,Up,F,A,Alumni,USA,35,Reseacher,M,Life,10/26/2019
N-163,Up,F,A,Alumni,USA,35,Reseacher,M,Life,5/10/2020
N-123,Up,M,N,Alumni,USA,30,NA,M,Church,10/12/2020
N-123,Up,M,N,Alumni,USA,30,NA,M,Life,5/10/2020
N-215,Up,M,A,Church,USA,30,Engineer,M,Life,12/7/2019
N-95,Up,F,A,Church,UK,30,Finance,S,Life,10/31/2020
N-95,Up,F,A,Church,UK,30,Finance,S,Life,10/26/2019
N-81,Up,M,N,Church,USA,35,NA,M,Church,4/25/2020
N-81,Co,M,N,Church,USA,35,NA,M,Life,6/9/2020
N-81,Up,M,N,Church,USA,35,NA,M,Life,10/31/2020
